Cliente,Lead de origen,DNI,Email,Teléfono,Ciudad,Vehículo de interés,Estado,Fecha de alta,Vendedor asignado
Diego Sosa,Diego Sosa,32.114.870,diego.sosa@gmail.com,+54 381 555-1120,San Miguel de Tucumán,Peugeot 208 - 2025,Compró,2026-07-28,Lucas Ferreyra
Lucia Gomez,Lucia Gomez,38.902.115,lucia.gomez88@gmail.com,+54 381 555-6886,Yerba Buena,Ford Fiesta - 2017,Compró,2026-07-26,Mariana Quiroga
Julio Rodriguez,Julio Rodriguez,29.774.302,julio.rodriguez@hotmail.com,+54 381 555-3525,Tafí Viejo,Chevrolet S10 - 2022,Compró,2026-07-24,Lucas Ferreyra
Martín Alcaraz,Martín Alcaraz,35.220.914,martin.alcaraz@gmail.com,+54 381 555-7654,San Miguel de Tucumán,Jeep Renegade - 2021,En gestión,2026-07-24,Lucas Ferreyra
Carla Ibarra,Carla Ibarra,41.663.058,carla.ibarra@gmail.com,+54 381 555-2431,Banda del Río Salí,Ford Fiesta - 2017,En gestión,2026-07-26,Mariana Quiroga
Matías Martínez,Matías Martínez,37.451.290,matias.martinez@gmail.com,+54 381 555-0630,San Miguel de Tucumán,Toyota Corolla - 2022,En gestión,2026-08-02,Gabriel Sandoval
Julio Faena,Julio Faena,33.018.667,julio.faena@gmail.com,+54 381 555-4273,Yerba Buena,Fiat Cronos - 2023,En gestión,2026-08-01,Lucas Ferreyra
Pedro Atenor,Pedro Atenor,30.556.741,pedro.atenor@gmail.com,+54 381 555-5889,Concepción,Renault Kangoo - 2021,En gestión,2026-07-31,Mariana Quiroga
Juliana Vera,Juliana Vera,39.887.204,juliana.vera@gmail.com,+54 381 555-5714,Tafí Viejo,Toyota Etios - 2019,En gestión,2026-07-23,Gabriel Sandoval
